                  epoch,         train/box_loss,         train/cls_loss,         train/dfl_loss,   metrics/precision(B),      metrics/recall(B),       metrics/mAP50(B),    metrics/mAP50-95(B),           val/box_loss,           val/cls_loss,           val/dfl_loss,                 lr/pg0,                 lr/pg1,                 lr/pg2
                      0,                 1.3223,                 1.1698,                 1.5176,                0.44486,                0.53207,                0.47067,                0.30934,                 1.6569,                 1.8359,                 1.8459,                 0.0982,                 0.0002,                 0.0002
                      1,                 1.2677,                 1.1881,                 1.4814,                0.46412,                0.50677,                0.46731,                0.30382,                 1.6526,                 1.8388,                 1.8468,               0.095401,               0.000401,               0.000401
                      2,                 1.2572,                 1.1189,                 1.4806,                0.44131,                0.52218,                0.46508,                0.30455,                 1.6518,                 1.8364,                 1.8441,               0.092483,              0.0004832,              0.0004832
                      3,                 1.3903,                 1.3033,                 1.5551,                0.43056,                0.52875,                0.46048,                0.30007,                 1.6554,                 1.8436,                 1.8474,               0.089447,              0.0004466,              0.0004466
                      4,                 1.4921,                 1.4003,                 1.6425,                0.43179,                0.52873,                0.45475,                 0.2984,                 1.6553,                 1.8477,                 1.8478,               0.086291,              0.0002912,              0.0002912
